1,Hard limit,Hard limit has been triggered. Machine position is likely lost due to sudden halt. Re-homing is highly recommended.
2,Soft limit,Soft limit alarm. G-code motion target exceeds machine travel. Machine position retained. Alarm may be safely unlocked.
3,Abort during cycle,Reset while in motion. Machine position is likely lost due to sudden halt. Re-homing is highly recommended.
4,Probe fail,Probe fail. Probe is not in the expected initial state before starting probe cycle when G38.2 and G38.3 is not triggered and G38.4 and G38.5 is triggered.
5,Probe fail,Probe fail. Probe did not contact the workpiece within the programmed travel for G38.2 and G38.4.
6,Homing fail,Homing fail. The active homing cycle was reset.
7,Homing fail,Homing fail. Safety door was opened during homing cycle.
8,Homing fail,Homing fail. Pull off travel failed to clear limit switch. Try increasing pull-off setting or check wiring.
9,Homing fail,Homing fail. Could not find limit switch within search distances. Try increasing max travel or decreasing pull-off distance or check wiring.
10,EStop fail,EStop asserted. Clear and reset  
11,Homing required,Homing required. Execute homing command ($H) to continue.  
12,Hard limit,Limit switch engaged. Clear before continuing.  
13,Probe fail,Probe protection triggered. Clear before continuing.  
14,Spindle timeout,Spindle at speed timeout. Clear before continuing.  
15,Homing fail,Homing fail. Could not find second limit switch for auto squared axis within search distances. Try increasing max travel decreasing pull-off distance or check wiring.  
16,POS fail,Power on selftest (POS) failed.  
17,Motor fault,Motor fault.  
